{"train/rewards/chosen":1.072445273399353,"_runtime":7785,"train_loss":1.159107870930185,"train/nll_loss":0.5910439491271973,"train/logps/rejected":-58.34172058105469,"train/logits/chosen":2.4657480716705322,"_step":6000,"train/grad_norm":35.613956451416016,"train_steps_per_second":0.771,"train/rewards/rejected":-2.9111015796661377,"train/global_step":6000,"train_runtime":7781.4574,"train/rewards/margins":3.983546733856201,"train/rewards/accuracies":1,"total_flos":2.7507546089846735e+20,"train/logits/rejected":2.1924824714660645,"_timestamp":1.7641897079607162e+09,"train_samples_per_second":0.771,"train/epoch":1,"_wandb":{"runtime":7785},"train/loss":0.6615,"train/learning_rate":0,"train/logps/chosen":-28.961151123046875}