{"train_runtime":5997.689,"train/rewards/chosen":1.518202304840088,"train/logits/chosen":-1.6973929405212402,"_step":6000,"train_loss":1.1356179477050123,"train/rewards/accuracies":1,"train/global_step":6000,"train/rewards/rejected":-9.05322265625,"train/grad_norm":31.00919532775879,"_timestamp":1.7642023396278348e+09,"train_samples_per_second":1,"train/loss":0.4732,"train/logps/rejected":-128.81597900390625,"train/epoch":1,"train/logits/rejected":-1.519563913345337,"train/rewards/margins":10.57142448425293,"train/learning_rate":0,"train/nll_loss":0.46707776188850403,"train_steps_per_second":1,"train/logps/chosen":-22.886810302734375,"_runtime":5999,"_wandb":{"runtime":5999},"total_flos":1.1890523182498998e+20}