{"_wandb":{"runtime":147},"_step":10,"train/logits/chosen":2.201688766479492,"train/logps/rejected":-224.17330932617188,"train_loss":2.0608065128326416,"_runtime":147,"train_runtime":149.0711,"train/nll_loss":1.4125819206237793,"train_steps_per_second":0.067,"train/rewards/chosen":-0.05387573689222336,"train/epoch":1,"train/learning_rate":0,"total_flos":4.2912442572865536e+17,"train/rewards/accuracies":1,"train/grad_norm":229.069580078125,"train/logps/chosen":-105.94363403320312,"_timestamp":1.7637652210328853e+09,"train/global_step":10,"train/loss":2.2098,"train_samples_per_second":0.067,"train/rewards/rejected":-0.12415467202663422,"train/rewards/margins":0.07027893513441086,"train/logits/rejected":2.507481336593628}