{"train_samples_per_second":0.669,"total_flos":2.8107649742956134e+19,"train/global_step":600,"train/nll_loss":1.4441927671432495,"train_runtime":896.2555,"train/rewards/margins":0.37525099515914917,"train/logits/rejected":3.75369930267334,"_step":600,"train/loss":2.1463,"train/logits/chosen":3.691837787628174,"train_loss":1.6142168978850047,"train_steps_per_second":0.669,"train/rewards/accuracies":1,"train/rewards/rejected":0.7594558596611023,"_runtime":899,"_timestamp":1.7641722719086125e+09,"train/rewards/chosen":1.1347068548202515,"train/logps/rejected":-236.1338653564453,"train/learning_rate":0,"train/epoch":1,"train/grad_norm":261.111328125,"train/logps/chosen":-108.31446075439453,"_wandb":{"runtime":899}}