{"train_steps_per_second":0.081,"train/rewards/accuracies":1,"train/global_step":10,"_step":10,"total_flos":4.2912442572865536e+17,"_wandb":{"runtime":127},"train/rewards/rejected":-0.13671875,"train/learning_rate":0,"train/rewards/chosen":-0.05506744608283043,"train_samples_per_second":0.081,"train/logits/rejected":2.5039031505584717,"train/logps/rejected":-224.2989501953125,"train/grad_norm":226.9502716064453,"train_loss":2.0559536814689636,"train/nll_loss":1.4127408266067505,"train/logps/chosen":-105.95555114746094,"train_runtime":123.594,"_timestamp":1.7637662720767205e+09,"train/loss":2.2045,"train/epoch":1,"train/logits/chosen":2.1999261379241943,"_runtime":127,"train/rewards/margins":0.08165130019187927}