{"train/epoch":1,"train/global_step":10,"train/learning_rate":0,"train_loss":2.0650440454483032,"train/rewards/accuracies":1,"_timestamp":1.7637658898960528e+09,"train/logps/rejected":-224.10311889648438,"train/logits/rejected":2.5079152584075928,"_wandb":{"runtime":127},"train/rewards/chosen":-0.049533843994140625,"train_runtime":123.7416,"_runtime":127,"train_samples_per_second":0.081,"_step":10,"train/grad_norm":228.8487548828125,"train/rewards/margins":0.06760178506374359,"train/logits/chosen":2.2067711353302,"train/nll_loss":1.4120029211044312,"train/loss":2.2105,"train/logps/chosen":-105.90021514892578,"train_steps_per_second":0.081,"total_flos":4.2912442572865536e+17,"train/rewards/rejected":-0.11713562905788422}